INSERT INTO T_POSITION(POSITIONNAME, POSITIONCODE)
VALUES
    ('팀장','00001')
    ,('과장','00003')
    ,('대리','00004')
    ,('담당','00005')
    ,('관리자','00000');

INSERT INTO T_USER(USERID, USERNAME, ENCPASSWORD, DEPTCODE, ACCEPTADMINYN,POSITIONCODE, ENTERDATE)
VALUES
    ('R2020001','김아무개', 'ecd71870d1963316a97e3ac3408c9835ad8cf0f3c1bc703527c30265534f75ae' , '00001','N','00001',SYSDATE)
    ,('R2020002','최아무개', 'ecd71870d1963316a97e3ac3408c9835ad8cf0f3c1bc703527c30265534f75ae' , '00001','Y','00003',SYSDATE)
    ,('R2016001','왕대리', 'ecd71870d1963316a97e3ac3408c9835ad8cf0f3c1bc703527c30265534f75ae' ,'00001','Y','00004',SYSDATE)
    ,('R2010001','서과장', 'ecd71870d1963316a97e3ac3408c9835ad8cf0f3c1bc703527c30265534f75ae', '00002','Y','00003',SYSDATE)
    ,('R2009001','안팀장', 'ecd71870d1963316a97e3ac3408c9835ad8cf0f3c1bc703527c30265534f75ae' ,'00002','Y','00001',SYSDATE)
    ,('R2019254','박아무개', 'ecd71870d1963316a97e3ac3408c9835ad8cf0f3c1bc703527c30265534f75ae','00002','N','00005',SYSDATE);

INSERT INTO T_DAILYLOG(DAILYLOGNO,DEPTCODE,WORKERID,WORKINGDAY,PART,CONTENT1,CONTENT2,ENTERDATE)
VALUES
    (1,'00002','R2019254','2021-04-06','H','컨텐츠1','컨텐츠2',SYSDATE)
    ,(2,'00002','R2019254','2021-04-07','H','컨텐츠1','컨텐츠2',SYSDATE)
    ,(3,'00002','R2019254','2021-04-08','H','컨텐츠1','컨텐츠2',SYSDATE)
    ,(4,'00001','R2020001','2021-02-06','H','컨텐츠1','컨텐츠2',SYSDATE)
    ,(5,'00001','R2020001','2021-03-07','H','컨텐츠1','컨텐츠2',SYSDATE)
    ,(6,'00001','R2020001','2021-03-06','H','컨텐츠1','컨텐츠2',SYSDATE)
    ,(7,'00001','R2020001','2021-03-08','H','컨텐츠1','컨텐츠2',SYSDATE)
    ,(8,'00001','R2009001','2021-03-08','H','컨텐츠1','컨텐츠2',SYSDATE)
    ,(9,'00001','R2020002','2021-03-06','H','컨텐츠1','컨텐츠2',SYSDATE)
    ,(10,'00001','R2020002','2021-03-18','H','오늘은무슨일을하지','컨텐츠2',SYSDATE)
    ,(11,'00001','R2020001','2021-03-18','H','루팡루팡루팡','컨텐츠2',SYSDATE)
    ,(12,'00001','R2020001','2021-03-21','H','오늘은무슨일을하지','루팡',SYSDATE)
    ,(13,'00001','R2020001','2021-03-23','H','컨텐츠1','컨텐츠2',SYSDATE);

INSERT INTO T_HOLIDAY(HOLIDAYNO,STARTDAY,ENDDAY,TITLE,YYYY)
VALUES
(1,'2020-08-15','2020-08-15','광복절',2020)
,(2,'2020-08-01','2020-08-02','테스트용',2020)
,(3,'2020-09-01','2020-09-02','테스트용',2020)
,(4,'2021-03-23','2021-03-25','공휴일테스트',2020);

